EventDate,BoardId,ProductionLot,Line,Shift,InspectionStep,ComponentRef,ComponentType,BoardSide,FailureMode,Severity_1to10,Detection_1to10,Disposition
2026-01-21,PCB-2026-100000,JP5715,SMT Line 2,C,Visual Inspection,J31,QFN,Top,Component Misalignment,6,5,Rework: align and reflow
2026-01-09,PCB-2026-100001,TT3663,SMT Line 3,C,Functional Test,L60,SOT-23,Top,Open Solder Joint,2,3,Rework: add solder and reflow
2026-01-11,PCB-2026-100002,WJ8516,SMT Line 2,C,AOI,D187,Diode,Bottom,Wrong Component,9,7,Rework: replace with correct PN
2026-02-16,PCB-2026-100003,KC7839,SMT Line 2,A,Functional Test,U33,Capacitor,Top,Lifted Pad,5,7,Repair: pad repair / jumper wire
2026-01-18,PCB-2026-100004,AU1388,SMT Line 1,B,AOI,U201,Transistor,Top,Solder Bridge,6,3,Rework: remove bridge and reflow
2026-01-18,PCB-2026-100005,FP9472,SMT Line 2,A,X-Ray,L234,QFN,Bottom,Short Circuit (Trace),8,7,Repair: isolate short / trace fix
2026-02-21,PCB-2026-100006,KD3095,SMT Line 1,B,AOI,C152,SOT-23,Bottom,Component Misalignment,3,10,Rework: align and reflow
2026-01-09,PCB-2026-100007,XS1903,SMT Line 3,C,Functional Test,C177,Resistor,Top,Missing Component,4,6,Rework: place component and reflow
2026-02-21,PCB-2026-100008,KG2600,SMT Line 1,A,AOI,U178,IC,Top,Solder Bridge,3,5,Rework: remove bridge and reflow
2026-02-21,PCB-2026-100009,WQ2615,SMT Line 2,B,Functional Test,D248,Diode,Top,Open Solder Joint,5,5,Rework: add solder and reflow
2026-02-03,PCB-2026-100010,QK1553,SMT Line 1,A,ICT,J86,Resistor,Bottom,Open Solder Joint,7,7,Rework: add solder and reflow
2026-01-10,PCB-2026-100011,LE3207,SMT Line 1,A,Visual Inspection,J41,QFN,Top,Delamination,7,2,Scrap / Engineering review
2026-01-09,PCB-2026-100012,WS2206,SMT Line 2,A,AOI,R130,Capacitor,Top,Insufficient Solder,6,6,Rework: add solder paste and reflow
2026-01-16,PCB-2026-100013,WO8870,SMT Line 2,A,Visual Inspection,Q133,Inductor,Top,Missing Component,3,5,Rework: place component and reflow
2026-02-02,PCB-2026-100014,TI5813,SMT Line 2,C,ICT,Q45,SOT-23,Bottom,Open Solder Joint,2,9,Rework: add solder and reflow
2026-01-09,PCB-2026-100015,NS3235,SMT Line 3,B,Visual Inspection,J153,Inductor,Bottom,Solder Bridge,6,5,Rework: remove bridge and reflow
2026-01-26,PCB-2026-100016,IG3664,SMT Line 3,C,Visual Inspection,U4,BGA,Top,Cold Solder Joint,5,9,Rework: reflow and inspect
2026-01-07,PCB-2026-100017,EA9459,SMT Line 3,B,X-Ray,R231,IC,Top,Solder Bridge,7,3,Rework: remove bridge and reflow
2026-01-31,PCB-2026-100018,BX1027,SMT Line 1,A,AOI,D66,QFN,Bottom,Wrong Component,7,7,Rework: replace with correct PN
2026-01-02,PCB-2026-100019,UI5658,SMT Line 2,A,AOI,C10,Diode,Bottom,Insufficient Solder,6,6,Rework: add solder paste and reflow
2026-02-09,PCB-2026-100020,HM5063,SMT Line 3,C,AOI,L27,Resistor,Top,Component Misalignment,7,4,Rework: align and reflow
2026-01-04,PCB-2026-100021,NK5828,SMT Line 1,A,AOI,Q60,Connector,Top,Tombstoning,6,6,Rework: reposition component and reflow
2026-01-11,PCB-2026-100022,VL4252,SMT Line 1,C,Functional Test,U69,Connector,Top,Short Circuit (Trace),7,8,Repair: isolate short / trace fix
2026-01-10,PCB-2026-100023,DJ2130,SMT Line 3,A,X-Ray,Q9,Transistor,Top,Solder Balling,5,5,"Rework: clean, adjust profile"
2026-02-16,PCB-2026-100024,EY1804,SMT Line 2,B,X-Ray,U70,IC,Top,Missing Component,6,2,Rework: place component and reflow
2026-01-03,PCB-2026-100025,MV9577,SMT Line 2,C,ICT,C49,Diode,Top,Solder Bridge,6,5,Rework: remove bridge and reflow
2026-01-25,PCB-2026-100026,DE4352,SMT Line 3,A,Functional Test,L95,Diode,Top,Open Solder Joint,7,4,Rework: add solder and reflow
2026-02-03,PCB-2026-100027,OY2869,SMT Line 2,A,Visual Inspection,U96,Connector,Bottom,Solder Bridge,5,5,Rework: remove bridge and reflow
2026-01-29,PCB-2026-100028,EG8868,SMT Line 1,C,X-Ray,L85,Inductor,Top,Solder Bridge,7,5,Rework: remove bridge and reflow
2026-02-08,PCB-2026-100029,AJ2070,SMT Line 1,A,AOI,U82,Connector,Top,Lifted Pad,6,2,Repair: pad repair / jumper wire
2026-02-14,PCB-2026-100030,EX1014,SMT Line 1,B,ICT,U23,BGA,Top,Component Misalignment,6,2,Rework: align and reflow
2026-01-23,PCB-2026-100031,IX6472,SMT Line 1,B,Visual Inspection,D7,IC,Top,Short Circuit (Trace),7,6,Repair: isolate short / trace fix
2026-02-16,PCB-2026-100032,BM9737,SMT Line 2,A,AOI,C51,QFN,Top,Tombstoning,2,4,Rework: reposition component and reflow
2026-01-18,PCB-2026-100033,KN5786,SMT Line 3,C,ICT,U189,Connector,Top,Open Solder Joint,4,1,Rework: add solder and reflow
2026-02-25,PCB-2026-100034,RE8556,SMT Line 1,C,X-Ray,D247,Resistor,Top,Open Solder Joint,3,7,Rework: add solder and reflow
2026-01-29,PCB-2026-100035,ZD8363,SMT Line 1,A,X-Ray,U232,Capacitor,Top,Solder Bridge,2,6,Rework: remove bridge and reflow
2026-02-11,PCB-2026-100036,VT4337,SMT Line 3,C,Visual Inspection,R126,QFN,Bottom,Solder Bridge,5,4,Rework: remove bridge and reflow
2026-02-19,PCB-2026-100037,MV2375,SMT Line 1,A,Visual Inspection,Q133,QFN,Top,Open Solder Joint,7,3,Rework: add solder and reflow
2026-02-14,PCB-2026-100038,VX7136,SMT Line 2,A,AOI,L79,IC,Bottom,Solder Bridge,5,7,Rework: remove bridge and reflow
2026-02-17,PCB-2026-100039,IO1450,SMT Line 2,B,AOI,R193,Inductor,Bottom,Insufficient Solder,6,6,Rework: add solder paste and reflow
2026-01-31,PCB-2026-100040,YI1513,SMT Line 2,C,Functional Test,R191,Transistor,Bottom,Open Solder Joint,8,10,Rework: add solder and reflow
2026-01-03,PCB-2026-100041,UR6603,SMT Line 1,A,Functional Test,Q211,Capacitor,Top,Wrong Component,8,6,Rework: replace with correct PN
2026-01-28,PCB-2026-100042,BT6735,SMT Line 2,A,ICT,J223,Diode,Top,Lifted Pad,6,6,Repair: pad repair / jumper wire
2026-01-11,PCB-2026-100043,UV2907,SMT Line 1,B,Functional Test,C109,Inductor,Top,Tombstoning,8,5,Rework: reposition component and reflow
2026-02-19,PCB-2026-100044,FY5778,SMT Line 2,C,ICT,R191,SOT-23,Top,Wrong Component,6,7,Rework: replace with correct PN
2026-01-14,PCB-2026-100045,LH6750,SMT Line 1,A,Functional Test,D201,QFN,Top,Missing Component,4,7,Rework: place component and reflow
2026-01-13,PCB-2026-100046,TA5973,SMT Line 2,A,AOI,Q77,Resistor,Bottom,Open Solder Joint,5,8,Rework: add solder and reflow
2026-01-14,PCB-2026-100047,ZH3527,SMT Line 2,B,AOI,R232,IC,Top,Tombstoning,3,4,Rework: reposition component and reflow
2026-02-05,PCB-2026-100048,WB4577,SMT Line 1,A,AOI,J24,Diode,Bottom,Lifted Pad,4,5,Repair: pad repair / jumper wire
2026-02-01,PCB-2026-100049,LU2161,SMT Line 1,A,AOI,L248,Capacitor,Top,Solder Bridge,5,5,Rework: remove bridge and reflow
2026-02-23,PCB-2026-100050,LD8087,SMT Line 1,A,Visual Inspection,J192,Transistor,Top,Solder Bridge,7,7,Rework: remove bridge and reflow
2026-01-24,PCB-2026-100051,QM4535,SMT Line 1,B,ICT,R24,Resistor,Top,Solder Bridge,9,8,Rework: remove bridge and reflow
2026-01-16,PCB-2026-100052,DX6828,SMT Line 1,B,AOI,C164,Capacitor,Top,Missing Component,4,5,Rework: place component and reflow
2026-01-03,PCB-2026-100053,IK7534,SMT Line 3,C,Visual Inspection,R9,Resistor,Top,Insufficient Solder,7,5,Rework: add solder paste and reflow
2026-01-01,PCB-2026-100054,SL3725,SMT Line 1,B,Functional Test,D192,IC,Top,Lifted Pad,4,6,Repair: pad repair / jumper wire
2026-01-21,PCB-2026-100055,RR6396,SMT Line 3,B,AOI,Q200,BGA,Top,Missing Component,7,5,Rework: place component and reflow
2026-02-21,PCB-2026-100056,BM6524,SMT Line 3,C,AOI,Q151,Capacitor,Top,Open Solder Joint,6,7,Rework: add solder and reflow
2026-01-30,PCB-2026-100057,YN4084,SMT Line 1,B,AOI,J214,SOT-23,Top,Cold Solder Joint,3,1,Rework: reflow and inspect
2026-02-20,PCB-2026-100058,OE1816,SMT Line 2,B,Functional Test,U25,IC,Bottom,Solder Bridge,8,4,Rework: remove bridge and reflow
2026-01-06,PCB-2026-100059,RZ8613,SMT Line 3,C,AOI,Q69,Resistor,Top,Solder Bridge,5,4,Rework: remove bridge and reflow
2026-01-06,PCB-2026-100060,PB9890,SMT Line 2,A,AOI,L104,Connector,Top,Insufficient Solder,5,1,Rework: add solder paste and reflow
2026-02-16,PCB-2026-100061,LH9031,SMT Line 1,B,AOI,Q11,BGA,Top,Open Solder Joint,4,4,Rework: add solder and reflow
2026-01-06,PCB-2026-100062,TT3499,SMT Line 1,C,Functional Test,D112,Capacitor,Top,Cold Solder Joint,5,4,Rework: reflow and inspect
2026-01-03,PCB-2026-100063,ZL5782,SMT Line 1,A,AOI,J67,Resistor,Top,Component Misalignment,7,5,Rework: align and reflow
2026-01-23,PCB-2026-100064,TR2550,SMT Line 2,B,Visual Inspection,L98,QFN,Top,Insufficient Solder,6,8,Rework: add solder paste and reflow
2026-02-21,PCB-2026-100065,HJ9526,SMT Line 3,A,AOI,Q106,Transistor,Bottom,Cold Solder Joint,7,5,Rework: reflow and inspect
2026-02-08,PCB-2026-100066,SJ7611,SMT Line 3,A,Functional Test,R219,Connector,Top,Cold Solder Joint,7,3,Rework: reflow and inspect
2026-01-06,PCB-2026-100067,TK4627,SMT Line 1,B,ICT,C68,BGA,Top,Tombstoning,8,5,Rework: reposition component and reflow
2026-02-16,PCB-2026-100068,XO2345,SMT Line 2,A,ICT,L223,QFN,Top,Solder Bridge,5,8,Rework: remove bridge and reflow
2026-02-17,PCB-2026-100069,SP5579,SMT Line 1,C,AOI,L107,Connector,Top,Open Solder Joint,3,4,Rework: add solder and reflow
2026-02-14,PCB-2026-100070,SX3973,SMT Line 3,C,Visual Inspection,Q82,Transistor,Top,Solder Bridge,8,4,Rework: remove bridge and reflow
2026-02-20,PCB-2026-100071,KE6822,SMT Line 1,C,Visual Inspection,Q126,Resistor,Top,Open Solder Joint,5,7,Rework: add solder and reflow
2026-01-14,PCB-2026-100072,KI7268,SMT Line 3,A,AOI,R105,Connector,Top,Wrong Component,8,5,Rework: replace with correct PN
2026-02-24,PCB-2026-100073,KM4960,SMT Line 3,A,AOI,J65,Transistor,Top,Tombstoning,7,7,Rework: reposition component and reflow
2026-01-18,PCB-2026-100074,GD8444,SMT Line 1,A,Visual Inspection,U126,Capacitor,Top,Solder Bridge,6,5,Rework: remove bridge and reflow
2026-02-14,PCB-2026-100075,CI7006,SMT Line 1,A,Functional Test,R38,SOT-23,Top,Tombstoning,7,7,Rework: reposition component and reflow
2026-02-02,PCB-2026-100076,DR7596,SMT Line 3,C,AOI,Q88,SOT-23,Top,Tombstoning,10,3,Rework: reposition component and reflow
2026-02-13,PCB-2026-100077,RH1177,SMT Line 1,B,AOI,D141,IC,Top,Insufficient Solder,10,5,Rework: add solder paste and reflow
2026-02-05,PCB-2026-100078,XI8244,SMT Line 2,A,Functional Test,J103,Connector,Top,Cold Solder Joint,6,5,Rework: reflow and inspect
2026-02-05,PCB-2026-100079,FE8002,SMT Line 3,C,Functional Test,J206,Capacitor,Top,Missing Component,6,3,Rework: place component and reflow
2026-02-04,PCB-2026-100080,YW7760,SMT Line 2,A,Functional Test,L64,Transistor,Top,Insufficient Solder,8,2,Rework: add solder paste and reflow
2026-02-13,PCB-2026-100081,GX7009,SMT Line 1,A,X-Ray,D242,Capacitor,Bottom,Open Solder Joint,4,7,Rework: add solder and reflow
2026-02-11,PCB-2026-100082,ED8839,SMT Line 1,A,ICT,R196,Connector,Top,Missing Component,7,5,Rework: place component and reflow
2026-01-08,PCB-2026-100083,HT2247,SMT Line 1,B,AOI,J241,Transistor,Top,Solder Bridge,6,3,Rework: remove bridge and reflow
2026-02-16,PCB-2026-100084,HH3529,SMT Line 3,C,ICT,D209,Inductor,Top,Solder Bridge,7,5,Rework: remove bridge and reflow
2026-01-31,PCB-2026-100085,RX9192,SMT Line 1,A,ICT,C36,Transistor,Bottom,Solder Bridge,4,8,Rework: remove bridge and reflow
2026-01-19,PCB-2026-100086,TF9644,SMT Line 1,C,AOI,L132,IC,Top,Lifted Pad,3,1,Repair: pad repair / jumper wire
2026-01-29,PCB-2026-100087,OO7311,SMT Line 1,C,AOI,J43,BGA,Top,Open Solder Joint,2,3,Rework: add solder and reflow
2026-02-24,PCB-2026-100088,TY6240,SMT Line 3,C,ICT,C204,Inductor,Top,Solder Bridge,4,4,Rework: remove bridge and reflow
2026-02-18,PCB-2026-100089,PT3295,SMT Line 1,A,Functional Test,U146,BGA,Bottom,Cold Solder Joint,5,8,Rework: reflow and inspect
2026-02-16,PCB-2026-100090,IQ1577,SMT Line 3,A,AOI,U66,Diode,Top,Solder Bridge,5,6,Rework: remove bridge and reflow
2026-01-26,PCB-2026-100091,IS9784,SMT Line 2,C,ICT,C232,QFN,Bottom,Lifted Pad,9,7,Repair: pad repair / jumper wire
2026-02-13,PCB-2026-100092,NK4962,SMT Line 3,A,Functional Test,L29,Connector,Top,Open Solder Joint,8,3,Rework: add solder and reflow
2026-01-22,PCB-2026-100093,RO1209,SMT Line 3,B,Functional Test,U141,QFN,Bottom,Open Solder Joint,4,3,Rework: add solder and reflow
2026-02-08,PCB-2026-100094,OK7306,SMT Line 3,C,Visual Inspection,U180,IC,Top,Tombstoning,7,6,Rework: reposition component and reflow
2026-02-05,PCB-2026-100095,WZ6491,SMT Line 3,A,Visual Inspection,C15,IC,Top,Insufficient Solder,5,6,Rework: add solder paste and reflow
2026-01-14,PCB-2026-100096,JL2587,SMT Line 1,C,Functional Test,U149,Transistor,Top,Tombstoning,5,7,Rework: reposition component and reflow
2026-01-15,PCB-2026-100097,YW8685,SMT Line 2,C,AOI,C204,Transistor,Top,Solder Bridge,6,5,Rework: remove bridge and reflow
2026-01-04,PCB-2026-100098,II8708,SMT Line 2,B,ICT,R17,BGA,Top,Solder Bridge,7,6,Rework: remove bridge and reflow
2026-01-08,PCB-2026-100099,OS5407,SMT Line 2,B,Functional Test,J128,IC,Top,Short Circuit (Trace),5,6,Repair: isolate short / trace fix
2026-01-25,PCB-2026-100100,LQ8316,SMT Line 3,C,AOI,U65,QFN,Top,Delamination,8,7,Scrap / Engineering review
2026-01-27,PCB-2026-100101,IV3197,SMT Line 3,B,AOI,R166,Connector,Top,Lifted Pad,4,7,Repair: pad repair / jumper wire
2026-01-10,PCB-2026-100102,KX9589,SMT Line 2,B,AOI,U30,Transistor,Top,Tombstoning,6,2,Rework: reposition component and reflow
2026-01-24,PCB-2026-100103,YI8589,SMT Line 2,C,ICT,U234,SOT-23,Bottom,Short Circuit (Trace),10,1,Repair: isolate short / trace fix
2026-02-03,PCB-2026-100104,YZ1188,SMT Line 2,B,ICT,C223,Transistor,Top,Missing Component,6,8,Rework: place component and reflow
2026-01-14,PCB-2026-100105,TZ7881,SMT Line 1,A,AOI,C47,Inductor,Top,Lifted Pad,9,8,Repair: pad repair / jumper wire
2026-01-19,PCB-2026-100106,GT1947,SMT Line 1,A,Visual Inspection,C81,SOT-23,Top,Open Solder Joint,6,3,Rework: add solder and reflow
2026-01-21,PCB-2026-100107,MQ5107,SMT Line 1,A,Visual Inspection,R147,SOT-23,Bottom,Tombstoning,7,2,Rework: reposition component and reflow
2026-01-29,PCB-2026-100108,SG6455,SMT Line 1,B,AOI,U179,Diode,Top,Solder Bridge,6,6,Rework: remove bridge and reflow
2026-01-21,PCB-2026-100109,QQ3603,SMT Line 1,B,Visual Inspection,J111,Diode,Top,Delamination,6,7,Scrap / Engineering review
2026-02-11,PCB-2026-100110,HG5155,SMT Line 2,B,AOI,J39,Capacitor,Bottom,Open Solder Joint,5,9,Rework: add solder and reflow
2026-01-19,PCB-2026-100111,PJ4689,SMT Line 1,A,Visual Inspection,D26,Transistor,Bottom,Solder Bridge,7,7,Rework: remove bridge and reflow
2026-01-25,PCB-2026-100112,HF6916,SMT Line 3,C,X-Ray,Q249,SOT-23,Top,Tombstoning,4,5,Rework: reposition component and reflow
2026-01-22,PCB-2026-100113,VH8744,SMT Line 2,C,AOI,Q114,Diode,Top,Cold Solder Joint,7,4,Rework: reflow and inspect
2026-01-11,PCB-2026-100114,OE4293,SMT Line 1,A,Visual Inspection,U218,Connector,Top,Solder Bridge,8,6,Rework: remove bridge and reflow
2026-02-08,PCB-2026-100115,AB4024,SMT Line 1,B,X-Ray,C121,Capacitor,Top,Wrong Component,7,5,Rework: replace with correct PN
2026-01-14,PCB-2026-100116,LU2208,SMT Line 1,B,Visual Inspection,Q230,Connector,Top,Component Misalignment,5,3,Rework: align and reflow
2026-01-17,PCB-2026-100117,VG2244,SMT Line 3,B,X-Ray,L22,IC,Top,Lifted Pad,7,10,Repair: pad repair / jumper wire
2026-02-14,PCB-2026-100118,SU6443,SMT Line 1,A,Functional Test,L29,SOT-23,Top,Open Solder Joint,5,9,Rework: add solder and reflow
2026-02-23,PCB-2026-100119,DC4510,SMT Line 2,C,AOI,D232,Transistor,Top,Insufficient Solder,8,8,Rework: add solder paste and reflow
2026-02-07,PCB-2026-100120,LZ3577,SMT Line 3,C,Visual Inspection,D236,Capacitor,Top,Cold Solder Joint,3,4,Rework: reflow and inspect
2026-02-21,PCB-2026-100121,FY2385,SMT Line 3,B,Functional Test,U79,Resistor,Top,Insufficient Solder,5,7,Rework: add solder paste and reflow
2026-02-17,PCB-2026-100122,AK4609,SMT Line 1,C,Functional Test,U89,QFN,Bottom,Solder Bridge,2,7,Rework: remove bridge and reflow
2026-01-27,PCB-2026-100123,QW9395,SMT Line 1,C,ICT,D113,SOT-23,Bottom,Open Solder Joint,3,6,Rework: add solder and reflow
2026-02-13,PCB-2026-100124,HZ6693,SMT Line 1,A,Functional Test,Q104,BGA,Top,Solder Bridge,8,8,Rework: remove bridge and reflow
2026-01-19,PCB-2026-100125,BY2241,SMT Line 1,B,AOI,U48,Capacitor,Top,Cold Solder Joint,8,7,Rework: reflow and inspect
2026-01-26,PCB-2026-100126,PU3244,SMT Line 1,B,Functional Test,J224,Resistor,Top,Tombstoning,5,7,Rework: reposition component and reflow
2026-01-30,PCB-2026-100127,HM8962,SMT Line 2,C,AOI,L64,Capacitor,Top,Solder Bridge,3,7,Rework: remove bridge and reflow
2026-02-23,PCB-2026-100128,FR5072,SMT Line 3,A,Functional Test,J176,BGA,Top,Solder Bridge,1,6,Rework: remove bridge and reflow
2026-02-17,PCB-2026-100129,CS8491,SMT Line 2,B,Visual Inspection,D17,BGA,Bottom,Insufficient Solder,5,2,Rework: add solder paste and reflow
2026-01-28,PCB-2026-100130,OE2401,SMT Line 2,C,ICT,D10,QFN,Bottom,Solder Bridge,10,6,Rework: remove bridge and reflow
2026-02-06,PCB-2026-100131,LN5969,SMT Line 1,A,ICT,R163,Resistor,Bottom,Delamination,7,4,Scrap / Engineering review
2026-01-12,PCB-2026-100132,GN3655,SMT Line 3,C,AOI,R85,Capacitor,Bottom,Cold Solder Joint,5,3,Rework: reflow and inspect
2026-02-15,PCB-2026-100133,RU6873,SMT Line 2,A,X-Ray,D164,SOT-23,Bottom,Tombstoning,7,9,Rework: reposition component and reflow
2026-01-31,PCB-2026-100134,AZ1213,SMT Line 3,C,Functional Test,J24,SOT-23,Top,Insufficient Solder,3,9,Rework: add solder paste and reflow
2026-01-30,PCB-2026-100135,ZA5647,SMT Line 3,C,ICT,Q237,BGA,Bottom,Solder Bridge,5,8,Rework: remove bridge and reflow
2026-02-12,PCB-2026-100136,CC7149,SMT Line 1,A,AOI,L187,Capacitor,Top,Short Circuit (Trace),6,6,Repair: isolate short / trace fix
2026-02-05,PCB-2026-100137,SD9789,SMT Line 1,C,AOI,U219,Resistor,Top,Open Solder Joint,6,8,Rework: add solder and reflow
2026-01-05,PCB-2026-100138,II3672,SMT Line 1,A,ICT,J34,Resistor,Top,Missing Component,7,6,Rework: place component and reflow
2026-01-17,PCB-2026-100139,LE4822,SMT Line 1,B,X-Ray,Q80,Inductor,Top,Solder Bridge,7,6,Rework: remove bridge and reflow
2026-01-10,PCB-2026-100140,FB4318,SMT Line 3,B,Functional Test,L92,QFN,Top,Open Solder Joint,7,3,Rework: add solder and reflow
2026-02-11,PCB-2026-100141,RT4179,SMT Line 1,C,AOI,L134,Inductor,Top,Open Solder Joint,5,6,Rework: add solder and reflow
2026-01-02,PCB-2026-100142,IU7130,SMT Line 2,A,Visual Inspection,J74,IC,Top,Cracked Via,8,6,Repair: via stitch / jumper (if allowed)
2026-01-12,PCB-2026-100143,VX8390,SMT Line 2,A,ICT,Q16,BGA,Top,Cold Solder Joint,9,3,Rework: reflow and inspect
2026-02-03,PCB-2026-100144,YK4551,SMT Line 1,B,Visual Inspection,J92,Resistor,Bottom,Open Solder Joint,4,5,Rework: add solder and reflow
2026-02-08,PCB-2026-100145,IG7738,SMT Line 1,B,AOI,J64,QFN,Top,Tombstoning,4,5,Rework: reposition component and reflow
2026-01-29,PCB-2026-100146,SU2506,SMT Line 2,B,Functional Test,D97,QFN,Top,Tombstoning,8,9,Rework: reposition component and reflow
2026-02-18,PCB-2026-100147,MF9036,SMT Line 2,A,Visual Inspection,C50,BGA,Top,Cold Solder Joint,6,7,Rework: reflow and inspect
2026-02-21,PCB-2026-100148,GD6128,SMT Line 1,A,AOI,D66,QFN,Top,Open Solder Joint,9,6,Rework: add solder and reflow
2026-01-08,PCB-2026-100149,WX1864,SMT Line 1,C,Functional Test,U157,Transistor,Top,Solder Bridge,5,6,Rework: remove bridge and reflow
2026-02-23,PCB-2026-100150,ID3770,SMT Line 2,A,X-Ray,U97,Diode,Bottom,Missing Component,9,6,Rework: place component and reflow
2026-02-04,PCB-2026-100151,NH1607,SMT Line 1,A,AOI,C87,Connector,Top,Solder Balling,6,5,"Rework: clean, adjust profile"
2026-02-05,PCB-2026-100152,NB3040,SMT Line 3,C,AOI,D133,SOT-23,Top,Solder Bridge,6,3,Rework: remove bridge and reflow
2026-01-06,PCB-2026-100153,AC4926,SMT Line 1,A,Functional Test,L193,Inductor,Top,Cold Solder Joint,9,5,Rework: reflow and inspect
2026-02-04,PCB-2026-100154,WU1889,SMT Line 1,B,AOI,R95,Capacitor,Top,Solder Bridge,5,4,Rework: remove bridge and reflow
2026-02-10,PCB-2026-100155,AI6869,SMT Line 2,A,AOI,U147,SOT-23,Bottom,Lifted Pad,4,3,Repair: pad repair / jumper wire
2026-02-02,PCB-2026-100156,TV4079,SMT Line 2,C,ICT,C241,Resistor,Top,Tombstoning,5,7,Rework: reposition component and reflow
2026-01-05,PCB-2026-100157,EA2321,SMT Line 2,B,Visual Inspection,U130,Transistor,Bottom,Insufficient Solder,7,6,Rework: add solder paste and reflow
2026-01-30,PCB-2026-100158,BW3415,SMT Line 1,C,AOI,R227,Capacitor,Top,Component Misalignment,3,2,Rework: align and reflow
2026-02-22,PCB-2026-100159,VO5849,SMT Line 3,A,AOI,L198,Inductor,Bottom,Component Misalignment,7,5,Rework: align and reflow
2026-02-10,PCB-2026-100160,LV1390,SMT Line 2,B,Visual Inspection,U15,Diode,Top,Solder Bridge,5,7,Rework: remove bridge and reflow
2026-01-08,PCB-2026-100161,CL4549,SMT Line 2,C,ICT,D107,Diode,Bottom,Delamination,8,8,Scrap / Engineering review
2026-02-23,PCB-2026-100162,OT6287,SMT Line 1,A,Visual Inspection,L174,Inductor,Bottom,Solder Bridge,2,8,Rework: remove bridge and reflow
2026-02-23,PCB-2026-100163,GI7770,SMT Line 1,A,ICT,J246,BGA,Top,Solder Bridge,5,6,Rework: remove bridge and reflow
2026-01-10,PCB-2026-100164,FN5848,SMT Line 2,A,X-Ray,Q115,Connector,Bottom,Cold Solder Joint,3,4,Rework: reflow and inspect
2026-02-14,PCB-2026-100165,TS5181,SMT Line 1,C,Functional Test,R24,SOT-23,Top,Open Solder Joint,5,3,Rework: add solder and reflow
2026-01-23,PCB-2026-100166,IJ4703,SMT Line 2,B,AOI,J140,Diode,Top,Wrong Component,6,6,Rework: replace with correct PN
2026-02-03,PCB-2026-100167,FQ2875,SMT Line 1,B,Visual Inspection,R32,Capacitor,Bottom,Missing Component,6,6,Rework: place component and reflow
2026-01-25,PCB-2026-100168,QT9655,SMT Line 3,B,ICT,D188,Resistor,Top,Tombstoning,6,8,Rework: reposition component and reflow
2026-02-13,PCB-2026-100169,DT1773,SMT Line 2,B,AOI,R127,IC,Top,Cracked Via,6,8,Repair: via stitch / jumper (if allowed)
2026-02-25,PCB-2026-100170,IE2460,SMT Line 3,B,AOI,R181,Inductor,Top,Tombstoning,6,5,Rework: reposition component and reflow
2026-02-14,PCB-2026-100171,EB8407,SMT Line 2,B,Functional Test,Q217,Transistor,Top,Cold Solder Joint,4,3,Rework: reflow and inspect
2026-02-22,PCB-2026-100172,BK7291,SMT Line 1,B,AOI,D157,Connector,Bottom,Tombstoning,7,5,Rework: reposition component and reflow
2026-02-22,PCB-2026-100173,ZW2234,SMT Line 3,A,AOI,L153,Diode,Top,Cracked Via,7,6,Repair: via stitch / jumper (if allowed)
2026-01-06,PCB-2026-100174,ZQ2615,SMT Line 2,C,AOI,J188,QFN,Top,Solder Bridge,7,5,Rework: remove bridge and reflow
2026-01-15,PCB-2026-100175,LX4535,SMT Line 2,C,ICT,D210,Transistor,Top,Solder Bridge,7,4,Rework: remove bridge and reflow
2026-02-10,PCB-2026-100176,EW9575,SMT Line 1,A,ICT,J217,Resistor,Top,Open Solder Joint,7,6,Rework: add solder and reflow
2026-02-03,PCB-2026-100177,ZY8854,SMT Line 2,B,ICT,R10,Resistor,Bottom,Contamination/Flux Residue,10,4,Clean: wash / solvent clean
2026-01-03,PCB-2026-100178,LE6553,SMT Line 3,A,AOI,R139,Diode,Bottom,Solder Balling,6,4,"Rework: clean, adjust profile"
2026-01-06,PCB-2026-100179,FM6904,SMT Line 2,C,AOI,D54,Diode,Top,Component Misalignment,5,6,Rework: align and reflow
2026-01-30,PCB-2026-100180,YH3266,SMT Line 1,C,Functional Test,C215,QFN,Top,Solder Balling,5,5,"Rework: clean, adjust profile"
2026-02-04,PCB-2026-100181,TA6097,SMT Line 2,C,ICT,Q162,Transistor,Top,Solder Balling,4,6,"Rework: clean, adjust profile"
2026-01-10,PCB-2026-100182,TO4455,SMT Line 2,A,Functional Test,J105,BGA,Top,Cold Solder Joint,4,6,Rework: reflow and inspect
2026-01-10,PCB-2026-100183,VJ7394,SMT Line 3,A,AOI,R47,Transistor,Top,Tombstoning,4,3,Rework: reposition component and reflow
2026-01-08,PCB-2026-100184,MA5774,SMT Line 1,A,AOI,L85,Connector,Top,Component Misalignment,6,5,Rework: align and reflow
2026-02-01,PCB-2026-100185,BY6413,SMT Line 1,A,AOI,D176,Inductor,Top,Insufficient Solder,7,8,Rework: add solder paste and reflow
2026-01-01,PCB-2026-100186,JM6571,SMT Line 3,A,ICT,U51,Inductor,Top,Open Solder Joint,6,3,Rework: add solder and reflow
2026-02-02,PCB-2026-100187,GH4767,SMT Line 2,A,ICT,D24,BGA,Top,Solder Bridge,5,1,Rework: remove bridge and reflow
2026-01-27,PCB-2026-100188,GT1934,SMT Line 2,C,Visual Inspection,J222,Capacitor,Top,Component Misalignment,8,2,Rework: align and reflow
2026-01-27,PCB-2026-100189,VJ6050,SMT Line 2,A,ICT,D191,Inductor,Bottom,Tombstoning,7,6,Rework: reposition component and reflow
2026-02-08,PCB-2026-100190,EK7790,SMT Line 1,A,Functional Test,R50,IC,Top,Cracked Via,6,6,Repair: via stitch / jumper (if allowed)
2026-01-30,PCB-2026-100191,HD5696,SMT Line 2,C,Functional Test,C73,BGA,Top,Tombstoning,5,5,Rework: reposition component and reflow
2026-02-10,PCB-2026-100192,EI5053,SMT Line 1,B,AOI,C243,BGA,Bottom,Solder Bridge,7,8,Rework: remove bridge and reflow
2026-02-12,PCB-2026-100193,OQ7089,SMT Line 1,C,ICT,C177,Inductor,Bottom,Wrong Component,6,1,Rework: replace with correct PN
2026-02-21,PCB-2026-100194,VB4260,SMT Line 2,B,AOI,D153,SOT-23,Top,Solder Bridge,3,6,Rework: remove bridge and reflow
2026-02-14,PCB-2026-100195,AA2910,SMT Line 2,C,ICT,C77,Transistor,Top,Solder Bridge,6,9,Rework: remove bridge and reflow
2026-01-29,PCB-2026-100196,PX7961,SMT Line 3,B,AOI,D75,Resistor,Top,Insufficient Solder,6,3,Rework: add solder paste and reflow
2026-01-28,PCB-2026-100197,QU2547,SMT Line 1,B,Visual Inspection,D10,Inductor,Top,Solder Balling,4,5,"Rework: clean, adjust profile"
2026-01-14,PCB-2026-100198,VX1855,SMT Line 1,B,X-Ray,R182,BGA,Top,Solder Bridge,6,4,Rework: remove bridge and reflow
2026-02-03,PCB-2026-100199,MV5284,SMT Line 3,B,AOI,D11,Capacitor,Top,Tombstoning,3,4,Rework: reposition component and reflow
2026-01-08,PCB-2026-100200,VY5271,SMT Line 1,A,Functional Test,L2,Capacitor,Top,Missing Component,8,5,Rework: place component and reflow
2026-02-22,PCB-2026-100201,BI2936,SMT Line 1,B,Visual Inspection,L182,IC,Top,Short Circuit (Trace),8,8,Repair: isolate short / trace fix
2026-02-17,PCB-2026-100202,MP5174,SMT Line 1,A,AOI,L237,QFN,Bottom,Cold Solder Joint,6,9,Rework: reflow and inspect
2026-01-07,PCB-2026-100203,FH7115,SMT Line 2,C,Visual Inspection,U189,Transistor,Top,Solder Bridge,7,5,Rework: remove bridge and reflow
2026-02-14,PCB-2026-100204,AF9030,SMT Line 3,A,Functional Test,C118,SOT-23,Bottom,Solder Bridge,2,9,Rework: remove bridge and reflow
2026-01-07,PCB-2026-100205,CK2862,SMT Line 2,A,Visual Inspection,C122,QFN,Bottom,Solder Bridge,4,6,Rework: remove bridge and reflow
2026-02-10,PCB-2026-100206,CK5692,SMT Line 2,A,X-Ray,L109,Transistor,Bottom,Solder Bridge,5,9,Rework: remove bridge and reflow
2026-01-05,PCB-2026-100207,EC2212,SMT Line 1,C,AOI,R81,Inductor,Top,Lifted Pad,4,5,Repair: pad repair / jumper wire
2026-01-28,PCB-2026-100208,QW2622,SMT Line 1,A,ICT,Q130,Connector,Bottom,Solder Bridge,7,6,Rework: remove bridge and reflow
2026-02-06,PCB-2026-100209,II4246,SMT Line 2,B,Functional Test,J108,Resistor,Top,Cold Solder Joint,10,6,Rework: reflow and inspect
2026-02-10,PCB-2026-100210,GB5725,SMT Line 1,C,AOI,U149,Connector,Top,Lifted Pad,4,10,Repair: pad repair / jumper wire
2026-01-24,PCB-2026-100211,JI3382,SMT Line 1,A,AOI,D224,Transistor,Bottom,Cold Solder Joint,4,7,Rework: reflow and inspect
2026-02-21,PCB-2026-100212,YP4767,SMT Line 1,C,X-Ray,D248,Capacitor,Top,Solder Bridge,6,4,Rework: remove bridge and reflow
2026-02-13,PCB-2026-100213,FU8994,SMT Line 1,A,AOI,Q20,IC,Top,Missing Component,9,7,Rework: place component and reflow
2026-01-12,PCB-2026-100214,AY7294,SMT Line 2,A,ICT,U96,Resistor,Top,Lifted Pad,4,5,Repair: pad repair / jumper wire
2026-02-07,PCB-2026-100215,CT1966,SMT Line 2,B,Visual Inspection,R45,BGA,Bottom,Component Misalignment,6,5,Rework: align and reflow
2026-02-10,PCB-2026-100216,BC5138,SMT Line 1,C,AOI,Q88,QFN,Top,Solder Bridge,9,7,Rework: remove bridge and reflow
2026-01-19,PCB-2026-100217,QK2097,SMT Line 2,A,ICT,C72,QFN,Top,Solder Bridge,3,6,Rework: remove bridge and reflow
2026-02-11,PCB-2026-100218,FW9662,SMT Line 2,B,X-Ray,C44,Connector,Bottom,Delamination,4,6,Scrap / Engineering review
2026-02-20,PCB-2026-100219,TC8377,SMT Line 2,A,ICT,R191,Transistor,Top,Open Solder Joint,5,6,Rework: add solder and reflow
2026-02-15,PCB-2026-100220,RN2289,SMT Line 3,B,AOI,Q124,SOT-23,Top,Tombstoning,5,6,Rework: reposition component and reflow
2026-02-12,PCB-2026-100221,ZL1397,SMT Line 1,B,AOI,D229,Transistor,Top,Open Solder Joint,7,6,Rework: add solder and reflow
2026-02-05,PCB-2026-100222,FK1560,SMT Line 3,B,X-Ray,Q9,IC,Bottom,Insufficient Solder,6,2,Rework: add solder paste and reflow
2026-01-16,PCB-2026-100223,IM9536,SMT Line 1,B,AOI,L17,Connector,Top,Cracked Via,3,7,Repair: via stitch / jumper (if allowed)
2026-02-14,PCB-2026-100224,CO9240,SMT Line 1,A,ICT,R101,BGA,Top,Tombstoning,7,4,Rework: reposition component and reflow
2026-01-21,PCB-2026-100225,UY2532,SMT Line 1,B,AOI,Q20,Diode,Top,Delamination,5,3,Scrap / Engineering review
2026-01-30,PCB-2026-100226,UZ3933,SMT Line 2,B,ICT,U66,QFN,Bottom,Solder Bridge,8,5,Rework: remove bridge and reflow
2026-01-18,PCB-2026-100227,MN5442,SMT Line 1,B,X-Ray,U246,QFN,Top,Cold Solder Joint,5,6,Rework: reflow and inspect
2026-01-18,PCB-2026-100228,HZ9607,SMT Line 1,A,ICT,U53,Resistor,Top,Insufficient Solder,5,4,Rework: add solder paste and reflow
2026-01-09,PCB-2026-100229,JU4577,SMT Line 2,B,X-Ray,R50,BGA,Bottom,Solder Bridge,7,7,Rework: remove bridge and reflow
2026-02-23,PCB-2026-100230,UP5231,SMT Line 1,B,AOI,R143,Connector,Top,Solder Bridge,7,3,Rework: remove bridge and reflow
2026-01-09,PCB-2026-100231,DR3889,SMT Line 1,A,ICT,U125,Transistor,Top,Open Solder Joint,7,5,Rework: add solder and reflow
2026-01-05,PCB-2026-100232,FF9835,SMT Line 1,A,Visual Inspection,Q145,IC,Top,Short Circuit (Trace),3,4,Repair: isolate short / trace fix
2026-02-22,PCB-2026-100233,CU8794,SMT Line 1,B,ICT,C94,Connector,Bottom,Insufficient Solder,7,5,Rework: add solder paste and reflow
2026-02-01,PCB-2026-100234,AP6196,SMT Line 1,B,AOI,U206,Connector,Top,Cracked Via,4,6,Repair: via stitch / jumper (if allowed)
2026-01-25,PCB-2026-100235,JR4677,SMT Line 1,A,Visual Inspection,U35,Resistor,Top,Missing Component,6,3,Rework: place component and reflow
2026-02-11,PCB-2026-100236,LL8205,SMT Line 1,C,ICT,Q107,BGA,Top,Open Solder Joint,3,7,Rework: add solder and reflow
2026-01-22,PCB-2026-100237,QJ9339,SMT Line 2,B,Functional Test,R172,Capacitor,Top,Missing Component,7,6,Rework: place component and reflow
2026-01-08,PCB-2026-100238,UY7573,SMT Line 3,C,X-Ray,C217,Connector,Bottom,Solder Bridge,5,2,Rework: remove bridge and reflow
2026-02-10,PCB-2026-100239,KU3963,SMT Line 2,B,AOI,Q93,Capacitor,Top,Solder Bridge,4,2,Rework: remove bridge and reflow
2026-01-10,PCB-2026-100240,HL9722,SMT Line 2,B,AOI,J142,Capacitor,Top,Wrong Component,7,5,Rework: replace with correct PN
2026-01-31,PCB-2026-100241,OJ5155,SMT Line 3,B,AOI,D18,Connector,Bottom,Missing Component,6,5,Rework: place component and reflow
2026-02-23,PCB-2026-100242,HR4153,SMT Line 3,C,ICT,U43,SOT-23,Top,Tombstoning,5,5,Rework: reposition component and reflow
2026-02-22,PCB-2026-100243,OJ3886,SMT Line 2,B,AOI,D18,SOT-23,Top,Cold Solder Joint,9,5,Rework: reflow and inspect
2026-01-21,PCB-2026-100244,ZI1634,SMT Line 3,B,Functional Test,J182,Connector,Top,Insufficient Solder,5,6,Rework: add solder paste and reflow
2026-02-13,PCB-2026-100245,JN1851,SMT Line 3,B,AOI,L72,Transistor,Top,Wrong Component,6,7,Rework: replace with correct PN
2026-02-04,PCB-2026-100246,HE5505,SMT Line 2,B,Functional Test,R181,SOT-23,Top,Insufficient Solder,6,3,Rework: add solder paste and reflow
2026-01-27,PCB-2026-100247,SZ4501,SMT Line 2,A,AOI,R17,IC,Top,Open Solder Joint,5,3,Rework: add solder and reflow
2026-01-08,PCB-2026-100248,WF8023,SMT Line 1,B,ICT,L215,SOT-23,Top,Open Solder Joint,7,3,Rework: add solder and reflow
2026-01-22,PCB-2026-100249,OT7799,SMT Line 1,B,AOI,D209,Capacitor,Top,Open Solder Joint,5,6,Rework: add solder and reflow
2026-02-06,PCB-2026-100250,NG5735,SMT Line 2,C,Functional Test,R23,IC,Top,Insufficient Solder,5,8,Rework: add solder paste and reflow
2026-02-25,PCB-2026-100251,VZ9346,SMT Line 2,B,ICT,U6,Connector,Top,Wrong Component,8,5,Rework: replace with correct PN
2026-01-01,PCB-2026-100252,EP1941,SMT Line 1,B,ICT,L15,Resistor,Top,Open Solder Joint,4,1,Rework: add solder and reflow
2026-02-10,PCB-2026-100253,RZ1473,SMT Line 2,C,Visual Inspection,J213,QFN,Bottom,Tombstoning,2,2,Rework: reposition component and reflow
2026-02-17,PCB-2026-100254,RY8623,SMT Line 2,B,Functional Test,Q59,QFN,Top,Tombstoning,9,4,Rework: reposition component and reflow
2026-02-23,PCB-2026-100255,KC9314,SMT Line 3,A,AOI,J137,Connector,Top,Component Misalignment,10,4,Rework: align and reflow
2026-01-24,PCB-2026-100256,XP9809,SMT Line 1,A,Visual Inspection,Q107,QFN,Top,Missing Component,5,5,Rework: place component and reflow
2026-01-07,PCB-2026-100257,AQ1346,SMT Line 1,A,AOI,C199,BGA,Bottom,Solder Bridge,3,6,Rework: remove bridge and reflow
2026-01-16,PCB-2026-100258,YR9219,SMT Line 2,A,AOI,L122,QFN,Top,Solder Bridge,5,5,Rework: remove bridge and reflow
2026-02-17,PCB-2026-100259,OC1238,SMT Line 3,B,ICT,R125,QFN,Top,Insufficient Solder,5,8,Rework: add solder paste and reflow
